Timestamp,Src Port,Dst Port,Src Country,Dst Country,Protocol,Src IP,Dst IP,Flow Duration,Flow Byts/s,Flow Pkts/s,Tot Fwd Pkts,Tot Bwd Pkts,TotLen Fwd Pkts,TotLen Bwd Pkts,Fwd Pkt Len Max,Fwd Pkt Len Min,Fwd Pkt Len Mean,Fwd Pkt Len Std,Bwd Pkt Len Max,Bwd Pkt Len Min,Bwd Pkt Len Mean,Bwd Pkt Len Std,Pkt Len Min,Pkt Len Max,Pkt Len Mean,Pkt Len Std,Pkt Len Var,Pkt Size Avg,Flow IAT Mean,Flow IAT Std,Flow IAT Max,Flow IAT Min,Fwd IAT Tot,Fwd IAT Mean,Fwd IAT Std,Fwd IAT Max,Fwd IAT Min,Bwd IAT Tot,Bwd IAT Mean,Bwd IAT Std,Bwd IAT Max,Bwd IAT Min,Fwd PSH Flags,Bwd PSH Flags,Fwd URG Flags,Bwd URG Flags,FIN Flag Cnt,SYN Flag Cnt,RST Flag Cnt,PSH Flag Cnt,ACK Flag Cnt,URG Flag Cnt,CWE Flag Count,ECE Flag Cnt,Fwd Pkts/s,Bwd Pkts/s,Down/Up Ratio,Fwd Byts/b Avg,Fwd Pkts/b Avg,Fwd Blk Rate Avg,Bwd Byts/b Avg,Bwd Pkts/b Avg,Bwd Blk Rate Avg,Fwd Seg Size Avg,Bwd Seg Size Avg,Fwd Seg Size Min,Fwd Header Len,Bwd Header Len,Subflow Fwd Pkts,Subflow Fwd Byts,Subflow Bwd Pkts,Subflow Bwd Byts,Init Fwd Win Byts,Init Bwd Win Byts,Fwd Act Data Pkts,Active Mean,Active Std,Active Max,Active Min,Idle Mean,Idle Std,Idle Max,Idle Min,Prediction
2025-05-06 10:46:14,54266,443,Local Network,"US, Kansas City",TCP,192.168.0.103,34.160.164.47,1e-06,55000000.0,1000000.0,1,0,55,0,55,55,55.0,0.0,0,0,0,0,55,55,55.0,0.0,0.0,55.0,0.0,0.0,0.0,0.0,0.0,0.0,0.0,0.0,0.0,0,0,0,0,0,0,0,0,0,0,0,0,0,1,0,0,0,1000000.0,0.0,0.0,55.0,1000000.0,1000000.0,0,0,0,55.0,0,55,1,0,1,55,0,0,255,0,1,0.0,0,0.0,0.0,0,0,0,0,Benign
2025-05-06 10:46:14,443,54266,"US, Kansas City",Local Network,TCP,34.160.164.47,192.168.0.103,1e-06,66000000.0,1000000.0,1,0,66,0,66,66,66.0,0.0,0,0,0,0,66,66,66.0,0.0,0.0,66.0,0.0,0.0,0.0,0.0,0.0,0.0,0.0,0.0,0.0,0,0,0,0,0,0,0,0,0,0,0,0,0,1,0,0,0,1000000.0,0.0,0.0,66.0,1000000.0,1000000.0,0,0,0,66.0,0,66,0,0,1,66,0,0,1031,0,0,0.0,0,0.0,0.0,0,0,0,0,Benign
2025-05-06 10:46:14,51047,53,Local Network,Local Network,UDP,192.168.0.103,192.168.0.1,1e-06,70000000.0,1000000.0,1,0,70,0,70,70,70.0,0.0,0,0,0,0,70,70,70.0,0.0,0.0,70.0,0.0,0.0,0.0,0.0,0.0,0.0,0.0,0.0,0.0,0,0,0,0,0,0,0,0,0,0,0,0,0,0,0,0,0,1000000.0,0.0,0.0,70.0,1000000.0,1000000.0,0,0,0,70.0,0,70,0,0,1,70,0,0,0,0,0,0.0,0,0.0,0.0,0,0,0,0,Benign
2025-05-06 10:46:14,53,51047,Local Network,Local Network,UDP,192.168.0.1,192.168.0.103,1e-06,86000000.0,1000000.0,1,0,86,0,86,86,86.0,0.0,0,0,0,0,86,86,86.0,0.0,0.0,86.0,0.0,0.0,0.0,0.0,0.0,0.0,0.0,0.0,0.0,0,0,0,0,0,0,0,0,0,0,0,0,0,0,0,0,0,1000000.0,0.0,0.0,86.0,1000000.0,1000000.0,0,0,0,86.0,0,86,0,0,1,86,0,0,0,0,0,0.0,0,0.0,0.0,0,0,0,0,Benign
2025-05-06 10:46:14,56426,80,Local Network,"US, Ashburn",TCP,192.168.0.103,208.95.112.1,1e-06,66000000.0,1000000.0,1,0,66,0,66,66,66.0,0.0,0,0,0,0,66,66,66.0,0.0,0.0,66.0,0.0,0.0,0.0,0.0,0.0,0.0,0.0,0.0,0.0,0,0,0,0,0,0,0,0,0,0,1,0,0,0,0,0,0,1000000.0,0.0,0.0,66.0,1000000.0,1000000.0,0,0,0,66.0,0,66,0,0,1,66,0,0,65535,0,0,0.0,0,0.0,0.0,0,0,0,0,Benign
2025-05-06 10:46:14,443,54353,"CA, Toronto",Local Network,TCP,172.67.11.98,192.168.0.103,1e-06,60000000.0,1000000.0,1,0,60,0,60,60,60.0,0.0,0,0,0,0,60,60,60.0,0.0,0.0,60.0,0.0,0.0,0.0,0.0,0.0,0.0,0.0,0.0,0.0,0,0,0,0,0,0,0,0,0,0,0,0,0,1,0,0,0,1000000.0,0.0,0.0,60.0,1000000.0,1000000.0,0,0,0,60.0,0,60,6,0,1,60,0,0,8,0,1,0.0,0,0.0,0.0,0,0,0,0,Benign
2025-05-06 10:46:14,54353,443,Local Network,"CA, Toronto",TCP,192.168.0.103,172.67.11.98,1e-06,54000000.0,1000000.0,1,0,54,0,54,54,54.0,0.0,0,0,0,0,54,54,54.0,0.0,0.0,54.0,0.0,0.0,0.0,0.0,0.0,0.0,0.0,0.0,0.0,0,0,0,0,0,0,0,0,0,0,0,0,0,1,0,0,0,1000000.0,0.0,0.0,54.0,1000000.0,1000000.0,0,0,0,54.0,0,54,0,0,1,54,0,0,255,0,0,0.0,0,0.0,0.0,0,0,0,0,Benign
2025-05-06 10:46:14,80,56426,"US, Ashburn",Local Network,TCP,208.95.112.1,192.168.0.103,1e-06,60000000.0,1000000.0,1,0,60,0,60,60,60.0,0.0,0,0,0,0,60,60,60.0,0.0,0.0,60.0,0.0,0.0,0.0,0.0,0.0,0.0,0.0,0.0,0.0,0,0,0,0,0,0,0,0,0,0,1,0,0,1,0,0,0,1000000.0,0.0,0.0,60.0,1000000.0,1000000.0,0,0,0,60.0,0,60,2,0,1,60,0,0,8190,0,1,0.0,0,0.0,0.0,0,0,0,0,Attack
2025-05-06 10:46:14,56426,80,Local Network,"US, Ashburn",TCP,192.168.0.103,208.95.112.1,0.0001761913299560547,1515398.0622462789,11351.296346414074,2,0,267,0,213,54,133.5,112.42997820866105,0,0,0,0,54,213,133.5,112.42997820866105,12640.5,133.5,0.0001761913299560547,0.0,0.0001761913299560547,0.0001761913299560547,0.0001761913299560547,0.0001761913299560547,0.0,0.0001761913299560547,0.0001761913299560547,0,0,0,0,0,1,0,0,0,0,0,0,1,2,0,0,0,11351.296346414074,0.0,0.0,133.5,11351.296346414074,11351.296346414074,0,0,0,133.5,0,54,159,0,2,267,0,0,65535,0,1,0.0001761913299560547,0,0.0001761913299560547,0.0001761913299560547,0,0,0,0,Benign
2025-05-06 10:46:15,80,56426,"US, Ashburn",Local Network,TCP,208.95.112.1,192.168.0.103,1e-06,60000000.0,1000000.0,1,0,60,0,60,60,60.0,0.0,0,0,0,0,60,60,60.0,0.0,0.0,60.0,0.0,0.0,0.0,0.0,0.0,0.0,0.0,0.0,0.0,0,0,0,0,0,0,0,0,0,0,0,0,0,1,0,0,0,1000000.0,0.0,0.0,60.0,1000000.0,1000000.0,0,0,0,60.0,0,60,6,0,1,60,0,0,52560,0,1,0.0,0,0.0,0.0,0,0,0,0,Benign
2025-05-06 10:46:15,51047,53,Local Network,Local Network,UDP,192.168.0.103,192.168.0.1,1e-06,74000000.0,1000000.0,1,0,74,0,74,74,74.0,0.0,0,0,0,0,74,74,74.0,0.0,0.0,74.0,0.0,0.0,0.0,0.0,0.0,0.0,0.0,0.0,0.0,0,0,0,0,0,0,0,0,0,0,0,0,0,0,0,0,0,1000000.0,0.0,0.0,74.0,1000000.0,1000000.0,0,0,0,74.0,0,74,0,0,1,74,0,0,0,0,0,0.0,0,0.0,0.0,0,0,0,0,Benign
2025-05-06 10:46:15,53,51047,Local Network,Local Network,UDP,192.168.0.1,192.168.0.103,1e-06,211000000.0,1000000.0,1,0,211,0,211,211,211.0,0.0,0,0,0,0,211,211,211.0,0.0,0.0,211.0,0.0,0.0,0.0,0.0,0.0,0.0,0.0,0.0,0.0,0,0,0,0,0,0,0,0,0,0,0,0,0,0,0,0,0,1000000.0,0.0,0.0,211.0,1000000.0,1000000.0,0,0,0,211.0,0,211,0,0,1,211,0,0,0,0,0,0.0,0,0.0,0.0,0,0,0,0,Benign
2025-05-06 10:46:15,443,54437,"NL, Amsterdam",Local Network,TCP,185.184.8.90,192.168.0.103,1e-06,60000000.0,1000000.0,1,0,60,0,60,60,60.0,0.0,0,0,0,0,60,60,60.0,0.0,0.0,60.0,0.0,0.0,0.0,0.0,0.0,0.0,0.0,0.0,0.0,0,0,0,0,0,0,0,0,0,0,0,0,0,1,0,0,0,1000000.0,0.0,0.0,60.0,1000000.0,1000000.0,0,0,0,60.0,0,60,6,0,1,60,0,0,501,0,1,0.0,0,0.0,0.0,0,0,0,0,Benign
2025-05-06 10:46:15,54437,443,Local Network,"NL, Amsterdam",TCP,192.168.0.103,185.184.8.90,1e-06,54000000.0,1000000.0,1,0,54,0,54,54,54.0,0.0,0,0,0,0,54,54,54.0,0.0,0.0,54.0,0.0,0.0,0.0,0.0,0.0,0.0,0.0,0.0,0.0,0,0,0,0,0,0,0,0,0,0,0,0,0,1,0,0,0,1000000.0,0.0,0.0,54.0,1000000.0,1000000.0,0,0,0,54.0,0,54,0,0,1,54,0,0,255,0,0,0.0,0,0.0,0.0,0,0,0,0,Benign
2025-05-06 10:46:15,80,56426,"US, Ashburn",Local Network,TCP,208.95.112.1,192.168.0.103,1e-06,513000000.0,1000000.0,1,0,513,0,513,513,513.0,0.0,0,0,0,0,513,513,513.0,0.0,0.0,513.0,0.0,0.0,0.0,0.0,0.0,0.0,0.0,0.0,0.0,0,0,0,0,0,1,0,0,0,0,0,0,1,1,0,0,0,1000000.0,0.0,0.0,513.0,1000000.0,1000000.0,0,0,0,513.0,0,513,459,0,1,513,0,0,65392,0,1,0.0,0,0.0,0.0,0,0,0,0,Benign
2025-05-06 10:46:15,56426,80,Local Network,"US, Ashburn",TCP,192.168.0.103,208.95.112.1,1e-06,54000000.0,1000000.0,1,0,54,0,54,54,54.0,0.0,0,0,0,0,54,54,54.0,0.0,0.0,54.0,0.0,0.0,0.0,0.0,0.0,0.0,0.0,0.0,0.0,0,0,0,0,0,0,0,0,0,1,0,0,0,1,0,0,0,1000000.0,0.0,0.0,54.0,1000000.0,1000000.0,0,0,0,54.0,0,54,0,0,1,54,0,0,65076,0,0,0.0,0,0.0,0.0,0,0,0,0,Benign
2025-05-06 10:46:15,56318,443,Local Network,"IN, Pune",TCP,192.168.0.103,20.207.73.82,1e-06,54000000.0,1000000.0,1,0,54,0,54,54,54.0,0.0,0,0,0,0,54,54,54.0,0.0,0.0,54.0,0.0,0.0,0.0,0.0,0.0,0.0,0.0,0.0,0.0,0,0,0,0,0,0,0,0,0,1,0,0,0,1,0,0,0,1000000.0,0.0,0.0,54.0,1000000.0,1000000.0,0,0,0,54.0,0,54,0,0,1,54,0,0,255,0,0,0.0,0,0.0,0.0,0,0,0,0,Benign
2025-05-06 10:46:15,56436,80,Local Network,"US, Ashburn",TCP,192.168.0.103,208.95.112.1,1e-06,66000000.0,1000000.0,1,0,66,0,66,66,66.0,0.0,0,0,0,0,66,66,66.0,0.0,0.0,66.0,0.0,0.0,0.0,0.0,0.0,0.0,0.0,0.0,0.0,0,0,0,0,0,0,0,0,0,0,1,0,0,0,0,0,0,1000000.0,0.0,0.0,66.0,1000000.0,1000000.0,0,0,0,66.0,0,66,0,0,1,66,0,0,65535,0,0,0.0,0,0.0,0.0,0,0,0,0,Benign
2025-05-06 10:46:15,80,56426,"US, Ashburn",Local Network,TCP,208.95.112.1,192.168.0.103,1e-06,60000000.0,1000000.0,1,0,60,0,60,60,60.0,0.0,0,0,0,0,60,60,60.0,0.0,0.0,60.0,0.0,0.0,0.0,0.0,0.0,0.0,0.0,0.0,0.0,0,0,0,0,0,0,0,0,0,1,0,0,0,1,0,0,0,1000000.0,0.0,0.0,60.0,1000000.0,1000000.0,0,0,0,60.0,0,60,6,0,1,60,0,0,8190,0,1,0.0,0,0.0,0.0,0,0,0,0,Benign
2025-05-06 10:46:15,56426,80,Local Network,"US, Ashburn",TCP,192.168.0.103,208.95.112.1,1e-06,54000000.0,1000000.0,1,0,54,0,54,54,54.0,0.0,0,0,0,0,54,54,54.0,0.0,0.0,54.0,0.0,0.0,0.0,0.0,0.0,0.0,0.0,0.0,0.0,0,0,0,0,0,0,0,0,0,0,0,0,0,1,0,0,0,1000000.0,0.0,0.0,54.0,1000000.0,1000000.0,0,0,0,54.0,0,54,0,0,1,54,0,0,65076,0,0,0.0,0,0.0,0.0,0,0,0,0,Benign
2025-05-06 10:46:15,80,56436,"US, Ashburn",Local Network,TCP,208.95.112.1,192.168.0.103,1e-06,60000000.0,1000000.0,1,0,60,0,60,60,60.0,0.0,0,0,0,0,60,60,60.0,0.0,0.0,60.0,0.0,0.0,0.0,0.0,0.0,0.0,0.0,0.0,0.0,0,0,0,0,0,0,0,0,0,0,1,0,0,1,0,0,0,1000000.0,0.0,0.0,60.0,1000000.0,1000000.0,0,0,0,60.0,0,60,2,0,1,60,0,0,8190,0,1,0.0,0,0.0,0.0,0,0,0,0,Attack
2025-05-06 10:46:15,56436,80,Local Network,"US, Ashburn",TCP,192.168.0.103,208.95.112.1,0.01847696304321289,14450.426694882448,108.24289659087977,2,0,267,0,213,54,133.5,112.42997820866105,0,0,0,0,54,213,133.5,112.42997820866105,12640.5,133.5,0.01847696304321289,0.0,0.01847696304321289,0.01847696304321289,0.01847696304321289,0.01847696304321289,0.0,0.01847696304321289,0.01847696304321289,0,0,0,0,0,1,0,0,0,0,0,0,1,2,0,0,0,108.24289659087977,0.0,0.0,133.5,108.24289659087977,108.24289659087977,0,0,0,133.5,0,54,159,0,2,267,0,0,65535,0,1,0.01847696304321289,0,0.01847696304321289,0.01847696304321289,0,0,0,0,Benign
2025-05-06 10:46:15,443,54297,"CA, Toronto",Local Network,TCP,172.67.8.127,192.168.0.103,1e-06,60000000.0,1000000.0,1,0,60,0,60,60,60.0,0.0,0,0,0,0,60,60,60.0,0.0,0.0,60.0,0.0,0.0,0.0,0.0,0.0,0.0,0.0,0.0,0.0,0,0,0,0,0,0,0,0,0,0,0,0,0,1,0,0,0,1000000.0,0.0,0.0,60.0,1000000.0,1000000.0,0,0,0,60.0,0,60,6,0,1,60,0,0,11,0,1,0.0,0,0.0,0.0,0,0,0,0,Benign
2025-05-06 10:46:15,54297,443,Local Network,"CA, Toronto",TCP,192.168.0.103,172.67.8.127,1e-06,54000000.0,1000000.0,1,0,54,0,54,54,54.0,0.0,0,0,0,0,54,54,54.0,0.0,0.0,54.0,0.0,0.0,0.0,0.0,0.0,0.0,0.0,0.0,0.0,0,0,0,0,0,0,0,0,0,0,0,0,0,1,0,0,0,1000000.0,0.0,0.0,54.0,1000000.0,1000000.0,0,0,0,54.0,0,54,0,0,1,54,0,0,511,0,0,0.0,0,0.0,0.0,0,0,0,0,Benign
2025-05-06 10:46:15,80,56436,"US, Ashburn",Local Network,TCP,208.95.112.1,192.168.0.103,1e-06,60000000.0,1000000.0,1,0,60,0,60,60,60.0,0.0,0,0,0,0,60,60,60.0,0.0,0.0,60.0,0.0,0.0,0.0,0.0,0.0,0.0,0.0,0.0,0.0,0,0,0,0,0,0,0,0,0,0,0,0,0,1,0,0,0,1000000.0,0.0,0.0,60.0,1000000.0,1000000.0,0,0,0,60.0,0,60,6,0,1,60,0,0,52560,0,1,0.0,0,0.0,0.0,0,0,0,0,Benign
2025-05-06 10:46:15,443,60368,"IN, Mumbai",Local Network,UDP,23.212.254.75,192.168.0.103,1e-06,73000000.0,1000000.0,1,0,73,0,73,73,73.0,0.0,0,0,0,0,73,73,73.0,0.0,0.0,73.0,0.0,0.0,0.0,0.0,0.0,0.0,0.0,0.0,0.0,0,0,0,0,0,0,0,0,0,0,0,0,0,0,0,0,0,1000000.0,0.0,0.0,73.0,1000000.0,1000000.0,0,0,0,73.0,0,73,0,0,1,73,0,0,0,0,0,0.0,0,0.0,0.0,0,0,0,0,Benign
2025-05-06 10:46:15,60368,443,Local Network,"IN, Mumbai",UDP,192.168.0.103,23.212.254.75,1e-06,74000000.0,1000000.0,1,0,74,0,74,74,74.0,0.0,0,0,0,0,74,74,74.0,0.0,0.0,74.0,0.0,0.0,0.0,0.0,0.0,0.0,0.0,0.0,0.0,0,0,0,0,0,0,0,0,0,0,0,0,0,0,0,0,0,1000000.0,0.0,0.0,74.0,1000000.0,1000000.0,0,0,0,74.0,0,74,0,0,1,74,0,0,0,0,0,0.0,0,0.0,0.0,0,0,0,0,Benign
2025-05-06 10:46:15,80,56436,"US, Ashburn",Local Network,TCP,208.95.112.1,192.168.0.103,1e-06,513000000.0,1000000.0,1,0,513,0,513,513,513.0,0.0,0,0,0,0,513,513,513.0,0.0,0.0,513.0,0.0,0.0,0.0,0.0,0.0,0.0,0.0,0.0,0.0,0,0,0,0,0,1,0,0,0,0,0,0,1,1,0,0,0,1000000.0,0.0,0.0,513.0,1000000.0,1000000.0,0,0,0,513.0,0,513,459,0,1,513,0,0,65535,0,1,0.0,0,0.0,0.0,0,0,0,0,Benign
2025-05-06 10:46:15,56436,80,Local Network,"US, Ashburn",TCP,192.168.0.103,208.95.112.1,1e-06,54000000.0,1000000.0,1,0,54,0,54,54,54.0,0.0,0,0,0,0,54,54,54.0,0.0,0.0,54.0,0.0,0.0,0.0,0.0,0.0,0.0,0.0,0.0,0.0,0,0,0,0,0,0,0,0,0,1,0,0,0,1,0,0,0,1000000.0,0.0,0.0,54.0,1000000.0,1000000.0,0,0,0,54.0,0,54,0,0,1,54,0,0,65076,0,0,0.0,0,0.0,0.0,0,0,0,0,Benign
2025-05-06 10:46:15,56443,80,Local Network,"US, Ashburn",TCP,192.168.0.103,208.95.112.1,1e-06,66000000.0,1000000.0,1,0,66,0,66,66,66.0,0.0,0,0,0,0,66,66,66.0,0.0,0.0,66.0,0.0,0.0,0.0,0.0,0.0,0.0,0.0,0.0,0.0,0,0,0,0,0,0,0,0,0,0,1,0,0,0,0,0,0,1000000.0,0.0,0.0,66.0,1000000.0,1000000.0,0,0,0,66.0,0,66,0,0,1,66,0,0,65535,0,0,0.0,0,0.0,0.0,0,0,0,0,Benign
2025-05-06 10:46:16,80,56436,"US, Ashburn",Local Network,TCP,208.95.112.1,192.168.0.103,1e-06,60000000.0,1000000.0,1,0,60,0,60,60,60.0,0.0,0,0,0,0,60,60,60.0,0.0,0.0,60.0,0.0,0.0,0.0,0.0,0.0,0.0,0.0,0.0,0.0,0,0,0,0,0,0,0,0,0,1,0,0,0,1,0,0,0,1000000.0,0.0,0.0,60.0,1000000.0,1000000.0,0,0,0,60.0,0,60,6,0,1,60,0,0,8190,0,1,0.0,0,0.0,0.0,0,0,0,0,Benign
2025-05-06 10:46:16,56436,80,Local Network,"US, Ashburn",TCP,192.168.0.103,208.95.112.1,1e-06,54000000.0,1000000.0,1,0,54,0,54,54,54.0,0.0,0,0,0,0,54,54,54.0,0.0,0.0,54.0,0.0,0.0,0.0,0.0,0.0,0.0,0.0,0.0,0.0,0,0,0,0,0,0,0,0,0,0,0,0,0,1,0,0,0,1000000.0,0.0,0.0,54.0,1000000.0,1000000.0,0,0,0,54.0,0,54,0,0,1,54,0,0,65076,0,0,0.0,0,0.0,0.0,0,0,0,0,Benign
2025-05-06 10:46:16,80,56443,"US, Ashburn",Local Network,TCP,208.95.112.1,192.168.0.103,1e-06,60000000.0,1000000.0,1,0,60,0,60,60,60.0,0.0,0,0,0,0,60,60,60.0,0.0,0.0,60.0,0.0,0.0,0.0,0.0,0.0,0.0,0.0,0.0,0.0,0,0,0,0,0,0,0,0,0,0,1,0,0,1,0,0,0,1000000.0,0.0,0.0,60.0,1000000.0,1000000.0,0,0,0,60.0,0,60,2,0,1,60,0,0,8190,0,1,0.0,0,0.0,0.0,0,0,0,0,Attack
2025-05-06 10:46:16,56443,80,Local Network,"US, Ashburn",TCP,192.168.0.103,208.95.112.1,0.0002899169921875,917504.0,6898.526315789473,2,0,266,0,212,54,133.0,111.72287142747452,0,0,0,0,54,212,133.0,111.72287142747452,12482.0,133.0,0.0002899169921875,0.0,0.0002899169921875,0.0002899169921875,0.0002899169921875,0.0002899169921875,0.0,0.0002899169921875,0.0002899169921875,0,0,0,0,0,1,0,0,0,0,0,0,1,2,0,0,0,6898.526315789473,0.0,0.0,133.0,6898.526315789473,6898.526315789473,0,0,0,133.0,0,54,158,0,2,266,0,0,65535,0,1,0.0002899169921875,0,0.0002899169921875,0.0002899169921875,0,0,0,0,Benign
2025-05-06 10:46:16,443,60368,"IN, Mumbai",Local Network,UDP,23.212.254.75,192.168.0.103,0.024702072143554688,5343.681260134353,80.96486757779321,2,0,132,0,66,66,66.0,0.0,0,0,0,0,66,66,66.0,0.0,0.0,66.0,0.024702072143554688,0.0,0.024702072143554688,0.024702072143554688,0.024702072143554688,0.024702072143554688,0.0,0.024702072143554688,0.024702072143554688,0,0,0,0,0,0,0,0,0,0,0,0,0,0,0,0,0,80.96486757779321,0.0,0.0,66.0,80.96486757779321,80.96486757779321,0,0,0,66.0,0,66,0,0,2,132,0,0,0,0,0,0.024702072143554688,0,0.024702072143554688,0.024702072143554688,0,0,0,0,Benign
2025-05-06 10:46:16,60368,443,Local Network,"IN, Mumbai",UDP,192.168.0.103,23.212.254.75,1e-06,75000000.0,1000000.0,1,0,75,0,75,75,75.0,0.0,0,0,0,0,75,75,75.0,0.0,0.0,75.0,0.0,0.0,0.0,0.0,0.0,0.0,0.0,0.0,0.0,0,0,0,0,0,0,0,0,0,0,0,0,0,0,0,0,0,1000000.0,0.0,0.0,75.0,1000000.0,1000000.0,0,0,0,75.0,0,75,0,0,1,75,0,0,0,0,0,0.0,0,0.0,0.0,0,0,0,0,Benign
2025-05-06 10:46:16,80,56443,"US, Ashburn",Local Network,TCP,208.95.112.1,192.168.0.103,0.3047361373901367,2067.3622938045123,6.563054900966705,2,0,630,0,570,60,315.0,360.62445840513925,0,0,0,0,60,570,315.0,360.62445840513925,130050.0,315.0,0.3047361373901367,0.0,0.3047361373901367,0.3047361373901367,0.3047361373901367,0.3047361373901367,0.0,0.3047361373901367,0.3047361373901367,0,0,0,0,0,1,0,0,0,0,0,0,1,2,0,0,0,6.563054900966705,0.0,0.0,315.0,6.563054900966705,6.563054900966705,0,0,0,315.0,0,60,522,0,2,630,0,0,27740,0,2,0.3047361373901367,0,0.3047361373901367,0.3047361373901367,0,0,0,0,Benign
2025-05-06 10:46:16,56443,80,Local Network,"US, Ashburn",TCP,192.168.0.103,208.95.112.1,1e-06,54000000.0,1000000.0,1,0,54,0,54,54,54.0,0.0,0,0,0,0,54,54,54.0,0.0,0.0,54.0,0.0,0.0,0.0,0.0,0.0,0.0,0.0,0.0,0.0,0,0,0,0,0,0,0,0,0,1,0,0,0,1,0,0,0,1000000.0,0.0,0.0,54.0,1000000.0,1000000.0,0,0,0,54.0,0,54,0,0,1,54,0,0,65019,0,0,0.0,0,0.0,0.0,0,0,0,0,Benign
2025-05-06 10:46:16,56454,80,Local Network,"US, Ashburn",TCP,192.168.0.103,208.95.112.1,1e-06,66000000.0,1000000.0,1,0,66,0,66,66,66.0,0.0,0,0,0,0,66,66,66.0,0.0,0.0,66.0,0.0,0.0,0.0,0.0,0.0,0.0,0.0,0.0,0.0,0,0,0,0,0,0,0,0,0,0,1,0,0,0,0,0,0,1000000.0,0.0,0.0,66.0,1000000.0,1000000.0,0,0,0,66.0,0,66,0,0,1,66,0,0,65535,0,0,0.0,0,0.0,0.0,0,0,0,0,Benign
2025-05-06 10:46:17,80,56443,"US, Ashburn",Local Network,TCP,208.95.112.1,192.168.0.103,1e-06,60000000.0,1000000.0,1,0,60,0,60,60,60.0,0.0,0,0,0,0,60,60,60.0,0.0,0.0,60.0,0.0,0.0,0.0,0.0,0.0,0.0,0.0,0.0,0.0,0,0,0,0,0,0,0,0,0,1,0,0,0,1,0,0,0,1000000.0,0.0,0.0,60.0,1000000.0,1000000.0,0,0,0,60.0,0,60,6,0,1,60,0,0,8190,0,1,0.0,0,0.0,0.0,0,0,0,0,Benign
2025-05-06 10:46:17,56443,80,Local Network,"US, Ashburn",TCP,192.168.0.103,208.95.112.1,1e-06,54000000.0,1000000.0,1,0,54,0,54,54,54.0,0.0,0,0,0,0,54,54,54.0,0.0,0.0,54.0,0.0,0.0,0.0,0.0,0.0,0.0,0.0,0.0,0.0,0,0,0,0,0,0,0,0,0,0,0,0,0,1,0,0,0,1000000.0,0.0,0.0,54.0,1000000.0,1000000.0,0,0,0,54.0,0,54,0,0,1,54,0,0,65019,0,0,0.0,0,0.0,0.0,0,0,0,0,Benign
2025-05-06 10:46:17,56349,443,Local Network,"US, Fremont",TCP,192.168.0.103,192.34.20.166,1e-06,55000000.0,1000000.0,1,0,55,0,55,55,55.0,0.0,0,0,0,0,55,55,55.0,0.0,0.0,55.0,0.0,0.0,0.0,0.0,0.0,0.0,0.0,0.0,0.0,0,0,0,0,0,0,0,0,0,0,0,0,0,1,0,0,0,1000000.0,0.0,0.0,55.0,1000000.0,1000000.0,0,0,0,55.0,0,55,1,0,1,55,0,0,255,0,1,0.0,0,0.0,0.0,0,0,0,0,Benign
2025-05-06 10:46:17,80,56454,"US, Ashburn",Local Network,TCP,208.95.112.1,192.168.0.103,1e-06,60000000.0,1000000.0,1,0,60,0,60,60,60.0,0.0,0,0,0,0,60,60,60.0,0.0,0.0,60.0,0.0,0.0,0.0,0.0,0.0,0.0,0.0,0.0,0.0,0,0,0,0,0,0,0,0,0,0,1,0,0,1,0,0,0,1000000.0,0.0,0.0,60.0,1000000.0,1000000.0,0,0,0,60.0,0,60,2,0,1,60,0,0,8190,0,1,0.0,0,0.0,0.0,0,0,0,0,Attack
2025-05-06 10:46:17,56454,80,Local Network,"US, Ashburn",TCP,192.168.0.103,208.95.112.1,0.00016498565673828125,1612261.3641618497,12122.265895953757,2,0,266,0,212,54,133.0,111.72287142747452,0,0,0,0,54,212,133.0,111.72287142747452,12482.0,133.0,0.00016498565673828125,0.0,0.00016498565673828125,0.00016498565673828125,0.00016498565673828125,0.00016498565673828125,0.0,0.00016498565673828125,0.00016498565673828125,0,0,0,0,0,1,0,0,0,0,0,0,1,2,0,0,0,12122.265895953757,0.0,0.0,133.0,12122.265895953757,12122.265895953757,0,0,0,133.0,0,54,158,0,2,266,0,0,65535,0,1,0.00016498565673828125,0,0.00016498565673828125,0.00016498565673828125,0,0,0,0,Benign
2025-05-06 10:46:17,56350,443,Local Network,"US, Fremont",TCP,192.168.0.103,192.34.20.166,1e-06,55000000.0,1000000.0,1,0,55,0,55,55,55.0,0.0,0,0,0,0,55,55,55.0,0.0,0.0,55.0,0.0,0.0,0.0,0.0,0.0,0.0,0.0,0.0,0.0,0,0,0,0,0,0,0,0,0,0,0,0,0,1,0,0,0,1000000.0,0.0,0.0,55.0,1000000.0,1000000.0,0,0,0,55.0,0,55,1,0,1,55,0,0,252,0,1,0.0,0,0.0,0.0,0,0,0,0,Benign
2025-05-06 10:46:17,443,56349,"US, Fremont",Local Network,TCP,192.34.20.166,192.168.0.103,1e-06,66000000.0,1000000.0,1,0,66,0,66,66,66.0,0.0,0,0,0,0,66,66,66.0,0.0,0.0,66.0,0.0,0.0,0.0,0.0,0.0,0.0,0.0,0.0,0.0,0,0,0,0,0,0,0,0,0,0,0,0,0,1,0,0,0,1000000.0,0.0,0.0,66.0,1000000.0,1000000.0,0,0,0,66.0,0,66,0,0,1,66,0,0,615,0,0,0.0,0,0.0,0.0,0,0,0,0,Benign
2025-05-06 10:46:17,443,56350,"US, Fremont",Local Network,TCP,192.34.20.166,192.168.0.103,1e-06,66000000.0,1000000.0,1,0,66,0,66,66,66.0,0.0,0,0,0,0,66,66,66.0,0.0,0.0,66.0,0.0,0.0,0.0,0.0,0.0,0.0,0.0,0.0,0.0,0,0,0,0,0,0,0,0,0,0,0,0,0,1,0,0,0,1000000.0,0.0,0.0,66.0,1000000.0,1000000.0,0,0,0,66.0,0,66,0,0,1,66,0,0,470,0,0,0.0,0,0.0,0.0,0,0,0,0,Benign
2025-05-06 10:46:17,80,56454,"US, Ashburn",Local Network,TCP,208.95.112.1,192.168.0.103,0.03838181495666504,18185.695512004226,104.2160201260987,4,0,698,0,518,60,174.5,229.0,0,0,0,0,60,518,174.5,229.0,52441.0,174.5,0.012793938318888346,0.016618959869834585,0.036264896392822266,0.0,0.03838181495666504,0.012793938318888346,0.016618959869834585,0.036264896392822266,0.0,0,0,0,0,0,1,0,0,0,0,0,0,1,4,0,0,0,104.2160201260987,0.0,0.0,174.5,104.2160201260987,104.2160201260987,0,0,0,174.5,0,60,482,0,4,698,0,0,27740,0,4,0.03838181495666504,0,0.03838181495666504,0.03838181495666504,0,0,0,0,Benign
2025-05-06 10:46:17,56454,80,Local Network,"US, Ashburn",TCP,192.168.0.103,208.95.112.1,1e-06,54000000.0,1000000.0,1,0,54,0,54,54,54.0,0.0,0,0,0,0,54,54,54.0,0.0,0.0,54.0,0.0,0.0,0.0,0.0,0.0,0.0,0.0,0.0,0.0,0,0,0,0,0,0,0,0,0,1,0,0,0,1,0,0,0,1000000.0,0.0,0.0,54.0,1000000.0,1000000.0,0,0,0,54.0,0,54,0,0,1,54,0,0,65071,0,0,0.0,0,0.0,0.0,0,0,0,0,Benign
2025-05-06 10:46:17,56463,80,Local Network,"US, Ashburn",TCP,192.168.0.103,208.95.112.1,1e-06,66000000.0,1000000.0,1,0,66,0,66,66,66.0,0.0,0,0,0,0,66,66,66.0,0.0,0.0,66.0,0.0,0.0,0.0,0.0,0.0,0.0,0.0,0.0,0.0,0,0,0,0,0,0,0,0,0,0,1,0,0,0,0,0,0,1000000.0,0.0,0.0,66.0,1000000.0,1000000.0,0,0,0,66.0,0,66,0,0,1,66,0,0,65535,0,0,0.0,0,0.0,0.0,0,0,0,0,Benign
2025-05-06 10:46:17,80,56454,"US, Ashburn",Local Network,TCP,208.95.112.1,192.168.0.103,1e-06,60000000.0,1000000.0,1,0,60,0,60,60,60.0,0.0,0,0,0,0,60,60,60.0,0.0,0.0,60.0,0.0,0.0,0.0,0.0,0.0,0.0,0.0,0.0,0.0,0,0,0,0,0,0,0,0,0,1,0,0,0,1,0,0,0,1000000.0,0.0,0.0,60.0,1000000.0,1000000.0,0,0,0,60.0,0,60,6,0,1,60,0,0,8190,0,1,0.0,0,0.0,0.0,0,0,0,0,Benign
2025-05-06 10:46:17,56454,80,Local Network,"US, Ashburn",TCP,192.168.0.103,208.95.112.1,1e-06,54000000.0,1000000.0,1,0,54,0,54,54,54.0,0.0,0,0,0,0,54,54,54.0,0.0,0.0,54.0,0.0,0.0,0.0,0.0,0.0,0.0,0.0,0.0,0.0,0,0,0,0,0,0,0,0,0,0,0,0,0,1,0,0,0,1000000.0,0.0,0.0,54.0,1000000.0,1000000.0,0,0,0,54.0,0,54,0,0,1,54,0,0,65071,0,0,0.0,0,0.0,0.0,0,0,0,0,Benign
2025-05-06 10:46:17,80,56463,"US, Ashburn",Local Network,TCP,208.95.112.1,192.168.0.103,1e-06,60000000.0,1000000.0,1,0,60,0,60,60,60.0,0.0,0,0,0,0,60,60,60.0,0.0,0.0,60.0,0.0,0.0,0.0,0.0,0.0,0.0,0.0,0.0,0.0,0,0,0,0,0,0,0,0,0,0,1,0,0,1,0,0,0,1000000.0,0.0,0.0,60.0,1000000.0,1000000.0,0,0,0,60.0,0,60,2,0,1,60,0,0,8190,0,1,0.0,0,0.0,0.0,0,0,0,0,Attack
2025-05-06 10:46:17,56463,80,Local Network,"US, Ashburn",TCP,192.168.0.103,208.95.112.1,0.02130413055419922,12485.841622274946,93.87850843815748,2,0,266,0,212,54,133.0,111.72287142747452,0,0,0,0,54,212,133.0,111.72287142747452,12482.0,133.0,0.02130413055419922,0.0,0.02130413055419922,0.02130413055419922,0.02130413055419922,0.02130413055419922,0.0,0.02130413055419922,0.02130413055419922,0,0,0,0,0,1,0,0,0,0,0,0,1,2,0,0,0,93.87850843815748,0.0,0.0,133.0,93.87850843815748,93.87850843815748,0,0,0,133.0,0,54,158,0,2,266,0,0,65535,0,1,0.02130413055419922,0,0.02130413055419922,0.02130413055419922,0,0,0,0,Benign
2025-05-06 10:46:18,53339,443,Local Network,"CA, Montreal",TCP,192.168.0.103,150.171.28.11,1e-06,55000000.0,1000000.0,1,0,55,0,55,55,55.0,0.0,0,0,0,0,55,55,55.0,0.0,0.0,55.0,0.0,0.0,0.0,0.0,0.0,0.0,0.0,0.0,0.0,0,0,0,0,0,0,0,0,0,0,0,0,0,1,0,0,0,1000000.0,0.0,0.0,55.0,1000000.0,1000000.0,0,0,0,55.0,0,55,1,0,1,55,0,0,253,0,1,0.0,0,0.0,0.0,0,0,0,0,Benign
2025-05-06 10:46:18,443,53339,"CA, Montreal",Local Network,TCP,150.171.28.11,192.168.0.103,1e-06,66000000.0,1000000.0,1,0,66,0,66,66,66.0,0.0,0,0,0,0,66,66,66.0,0.0,0.0,66.0,0.0,0.0,0.0,0.0,0.0,0.0,0.0,0.0,0.0,0,0,0,0,0,0,0,0,0,0,0,0,0,1,0,0,0,1000000.0,0.0,0.0,66.0,1000000.0,1000000.0,0,0,0,66.0,0,66,0,0,1,66,0,0,16384,0,0,0.0,0,0.0,0.0,0,0,0,0,Benign
2025-05-06 10:46:18,80,56463,"US, Ashburn",Local Network,TCP,208.95.112.1,192.168.0.103,1e-06,518000000.0,1000000.0,1,0,518,0,518,518,518.0,0.0,0,0,0,0,518,518,518.0,0.0,0.0,518.0,0.0,0.0,0.0,0.0,0.0,0.0,0.0,0.0,0.0,0,0,0,0,0,1,0,0,0,0,0,0,1,1,0,0,0,1000000.0,0.0,0.0,518.0,1000000.0,1000000.0,0,0,0,518.0,0,518,464,0,1,518,0,0,8190,0,1,0.0,0,0.0,0.0,0,0,0,0,Benign
2025-05-06 10:46:18,56463,80,Local Network,"US, Ashburn",TCP,192.168.0.103,208.95.112.1,1e-06,54000000.0,1000000.0,1,0,54,0,54,54,54.0,0.0,0,0,0,0,54,54,54.0,0.0,0.0,54.0,0.0,0.0,0.0,0.0,0.0,0.0,0.0,0.0,0.0,0,0,0,0,0,0,0,0,0,1,0,0,0,1,0,0,0,1000000.0,0.0,0.0,54.0,1000000.0,1000000.0,0,0,0,54.0,0,54,0,0,1,54,0,0,65071,0,0,0.0,0,0.0,0.0,0,0,0,0,Benign
2025-05-06 10:46:18,56472,80,Local Network,"US, Ashburn",TCP,192.168.0.103,208.95.112.1,1e-06,66000000.0,1000000.0,1,0,66,0,66,66,66.0,0.0,0,0,0,0,66,66,66.0,0.0,0.0,66.0,0.0,0.0,0.0,0.0,0.0,0.0,0.0,0.0,0.0,0,0,0,0,0,0,0,0,0,0,1,0,0,0,0,0,0,1000000.0,0.0,0.0,66.0,1000000.0,1000000.0,0,0,0,66.0,0,66,0,0,1,66,0,0,65535,0,0,0.0,0,0.0,0.0,0,0,0,0,Benign
2025-05-06 10:46:18,80,56463,"US, Ashburn",Local Network,TCP,208.95.112.1,192.168.0.103,1e-06,60000000.0,1000000.0,1,0,60,0,60,60,60.0,0.0,0,0,0,0,60,60,60.0,0.0,0.0,60.0,0.0,0.0,0.0,0.0,0.0,0.0,0.0,0.0,0.0,0,0,0,0,0,0,0,0,0,1,0,0,0,1,0,0,0,1000000.0,0.0,0.0,60.0,1000000.0,1000000.0,0,0,0,60.0,0,60,6,0,1,60,0,0,8190,0,1,0.0,0,0.0,0.0,0,0,0,0,Benign
2025-05-06 10:46:18,56463,80,Local Network,"US, Ashburn",TCP,192.168.0.103,208.95.112.1,1e-06,54000000.0,1000000.0,1,0,54,0,54,54,54.0,0.0,0,0,0,0,54,54,54.0,0.0,0.0,54.0,0.0,0.0,0.0,0.0,0.0,0.0,0.0,0.0,0.0,0,0,0,0,0,0,0,0,0,0,0,0,0,1,0,0,0,1000000.0,0.0,0.0,54.0,1000000.0,1000000.0,0,0,0,54.0,0,54,0,0,1,54,0,0,65071,0,0,0.0,0,0.0,0.0,0,0,0,0,Benign
2025-05-06 10:46:18,80,56472,"US, Ashburn",Local Network,TCP,208.95.112.1,192.168.0.103,1e-06,60000000.0,1000000.0,1,0,60,0,60,60,60.0,0.0,0,0,0,0,60,60,60.0,0.0,0.0,60.0,0.0,0.0,0.0,0.0,0.0,0.0,0.0,0.0,0.0,0,0,0,0,0,0,0,0,0,0,1,0,0,1,0,0,0,1000000.0,0.0,0.0,60.0,1000000.0,1000000.0,0,0,0,60.0,0,60,2,0,1,60,0,0,8190,0,1,0.0,0,0.0,0.0,0,0,0,0,Attack
2025-05-06 10:46:18,56472,80,Local Network,"US, Ashburn",TCP,192.168.0.103,208.95.112.1,0.00028014183044433594,949519.0331914894,7139.24085106383,2,0,266,0,212,54,133.0,111.72287142747452,0,0,0,0,54,212,133.0,111.72287142747452,12482.0,133.0,0.00028014183044433594,0.0,0.00028014183044433594,0.00028014183044433594,0.00028014183044433594,0.00028014183044433594,0.0,0.00028014183044433594,0.00028014183044433594,0,0,0,0,0,1,0,0,0,0,0,0,1,2,0,0,0,7139.24085106383,0.0,0.0,133.0,7139.24085106383,7139.24085106383,0,0,0,133.0,0,54,158,0,2,266,0,0,65535,0,1,0.00028014183044433594,0,0.00028014183044433594,0.00028014183044433594,0,0,0,0,Benign
2025-05-06 10:46:18,80,56472,"US, Ashburn",Local Network,TCP,208.95.112.1,192.168.0.103,1e-06,570000000.0,1000000.0,1,0,570,0,570,570,570.0,0.0,0,0,0,0,570,570,570.0,0.0,0.0,570.0,0.0,0.0,0.0,0.0,0.0,0.0,0.0,0.0,0.0,0,0,0,0,0,1,0,0,0,0,0,0,1,1,0,0,0,1000000.0,0.0,0.0,570.0,1000000.0,1000000.0,0,0,0,570.0,0,570,516,0,1,570,0,0,8190,0,1,0.0,0,0.0,0.0,0,0,0,0,Benign
2025-05-06 10:46:18,56472,80,Local Network,"US, Ashburn",TCP,192.168.0.103,208.95.112.1,1e-06,54000000.0,1000000.0,1,0,54,0,54,54,54.0,0.0,0,0,0,0,54,54,54.0,0.0,0.0,54.0,0.0,0.0,0.0,0.0,0.0,0.0,0.0,0.0,0.0,0,0,0,0,0,0,0,0,0,1,0,0,0,1,0,0,0,1000000.0,0.0,0.0,54.0,1000000.0,1000000.0,0,0,0,54.0,0,54,0,0,1,54,0,0,65019,0,0,0.0,0,0.0,0.0,0,0,0,0,Benign
2025-05-06 10:46:18,56480,80,Local Network,"US, Ashburn",TCP,192.168.0.103,208.95.112.1,1e-06,66000000.0,1000000.0,1,0,66,0,66,66,66.0,0.0,0,0,0,0,66,66,66.0,0.0,0.0,66.0,0.0,0.0,0.0,0.0,0.0,0.0,0.0,0.0,0.0,0,0,0,0,0,0,0,0,0,0,1,0,0,0,0,0,0,1000000.0,0.0,0.0,66.0,1000000.0,1000000.0,0,0,0,66.0,0,66,0,0,1,66,0,0,65535,0,0,0.0,0,0.0,0.0,0,0,0,0,Benign
2025-05-06 10:46:18,56129,443,Local Network,"US, San Francisco",TCP,192.168.0.103,140.82.113.21,1e-06,55000000.0,1000000.0,1,0,55,0,55,55,55.0,0.0,0,0,0,0,55,55,55.0,0.0,0.0,55.0,0.0,0.0,0.0,0.0,0.0,0.0,0.0,0.0,0.0,0,0,0,0,0,0,0,0,0,0,0,0,0,1,0,0,0,1000000.0,0.0,0.0,55.0,1000000.0,1000000.0,0,0,0,55.0,0,55,1,0,1,55,0,0,250,0,1,0.0,0,0.0,0.0,0,0,0,0,Benign
2025-05-06 10:46:19,80,56472,"US, Ashburn",Local Network,TCP,208.95.112.1,192.168.0.103,1e-06,60000000.0,1000000.0,1,0,60,0,60,60,60.0,0.0,0,0,0,0,60,60,60.0,0.0,0.0,60.0,0.0,0.0,0.0,0.0,0.0,0.0,0.0,0.0,0.0,0,0,0,0,0,0,0,0,0,1,0,0,0,1,0,0,0,1000000.0,0.0,0.0,60.0,1000000.0,1000000.0,0,0,0,60.0,0,60,6,0,1,60,0,0,8190,0,1,0.0,0,0.0,0.0,0,0,0,0,Benign
2025-05-06 10:46:19,56472,80,Local Network,"US, Ashburn",TCP,192.168.0.103,208.95.112.1,1e-06,54000000.0,1000000.0,1,0,54,0,54,54,54.0,0.0,0,0,0,0,54,54,54.0,0.0,0.0,54.0,0.0,0.0,0.0,0.0,0.0,0.0,0.0,0.0,0.0,0,0,0,0,0,0,0,0,0,0,0,0,0,1,0,0,0,1000000.0,0.0,0.0,54.0,1000000.0,1000000.0,0,0,0,54.0,0,54,0,0,1,54,0,0,65019,0,0,0.0,0,0.0,0.0,0,0,0,0,Benign
2025-05-06 10:46:19,80,56480,"US, Ashburn",Local Network,TCP,208.95.112.1,192.168.0.103,1e-06,60000000.0,1000000.0,1,0,60,0,60,60,60.0,0.0,0,0,0,0,60,60,60.0,0.0,0.0,60.0,0.0,0.0,0.0,0.0,0.0,0.0,0.0,0.0,0.0,0,0,0,0,0,0,0,0,0,0,1,0,0,1,0,0,0,1000000.0,0.0,0.0,60.0,1000000.0,1000000.0,0,0,0,60.0,0,60,2,0,1,60,0,0,8190,0,1,0.0,0,0.0,0.0,0,0,0,0,Attack
2025-05-06 10:46:19,56480,80,Local Network,"US, Ashburn",TCP,192.168.0.103,208.95.112.1,0.00014209747314453125,1871954.4697986578,14074.845637583892,2,0,266,0,212,54,133.0,111.72287142747452,0,0,0,0,54,212,133.0,111.72287142747452,12482.0,133.0,0.00014209747314453125,0.0,0.00014209747314453125,0.00014209747314453125,0.00014209747314453125,0.00014209747314453125,0.0,0.00014209747314453125,0.00014209747314453125,0,0,0,0,0,1,0,0,0,0,0,0,1,2,0,0,0,14074.845637583892,0.0,0.0,133.0,14074.845637583892,14074.845637583892,0,0,0,133.0,0,54,158,0,2,266,0,0,65535,0,1,0.00014209747314453125,0,0.00014209747314453125,0.00014209747314453125,0,0,0,0,Benign
2025-05-06 10:46:19,443,56129,"US, San Francisco",Local Network,TCP,140.82.113.21,192.168.0.103,1e-06,66000000.0,1000000.0,1,0,66,0,66,66,66.0,0.0,0,0,0,0,66,66,66.0,0.0,0.0,66.0,0.0,0.0,0.0,0.0,0.0,0.0,0.0,0.0,0.0,0,0,0,0,0,0,0,0,0,0,0,0,0,1,0,0,0,1000000.0,0.0,0.0,66.0,1000000.0,1000000.0,0,0,0,66.0,0,66,0,0,1,66,0,0,88,0,0,0.0,0,0.0,0.0,0,0,0,0,Benign
2025-05-06 10:46:19,56480,80,Local Network,"US, Ashburn",TCP,192.168.0.103,208.95.112.1,1e-06,212000000.0,1000000.0,1,0,212,0,212,212,212.0,0.0,0,0,0,0,212,212,212.0,0.0,0.0,212.0,0.0,0.0,0.0,0.0,0.0,0.0,0.0,0.0,0.0,0,0,0,0,0,1,0,0,0,0,0,0,1,1,0,0,0,1000000.0,0.0,0.0,212.0,1000000.0,1000000.0,0,0,0,212.0,0,212,158,0,1,212,0,0,65535,0,1,0.0,0,0.0,0.0,0,0,0,0,Benign
2025-05-06 10:46:19,80,56480,"US, Ashburn",Local Network,TCP,208.95.112.1,192.168.0.103,1e-06,570000000.0,1000000.0,1,0,570,0,570,570,570.0,0.0,0,0,0,0,570,570,570.0,0.0,0.0,570.0,0.0,0.0,0.0,0.0,0.0,0.0,0.0,0.0,0.0,0,0,0,0,0,1,0,0,0,0,0,0,1,1,0,0,0,1000000.0,0.0,0.0,570.0,1000000.0,1000000.0,0,0,0,570.0,0,570,516,0,1,570,0,0,8190,0,1,0.0,0,0.0,0.0,0,0,0,0,Benign
2025-05-06 10:46:19,56480,80,Local Network,"US, Ashburn",TCP,192.168.0.103,208.95.112.1,1e-06,54000000.0,1000000.0,1,0,54,0,54,54,54.0,0.0,0,0,0,0,54,54,54.0,0.0,0.0,54.0,0.0,0.0,0.0,0.0,0.0,0.0,0.0,0.0,0.0,0,0,0,0,0,0,0,0,0,1,0,0,0,1,0,0,0,1000000.0,0.0,0.0,54.0,1000000.0,1000000.0,0,0,0,54.0,0,54,0,0,1,54,0,0,65019,0,0,0.0,0,0.0,0.0,0,0,0,0,Benign
2025-05-06 10:46:19,56489,80,Local Network,"US, Ashburn",TCP,192.168.0.103,208.95.112.1,1e-06,66000000.0,1000000.0,1,0,66,0,66,66,66.0,0.0,0,0,0,0,66,66,66.0,0.0,0.0,66.0,0.0,0.0,0.0,0.0,0.0,0.0,0.0,0.0,0.0,0,0,0,0,0,0,0,0,0,0,1,0,0,0,0,0,0,1000000.0,0.0,0.0,66.0,1000000.0,1000000.0,0,0,0,66.0,0,66,0,0,1,66,0,0,65535,0,0,0.0,0,0.0,0.0,0,0,0,0,Benign
2025-05-06 10:46:19,80,56480,"US, Ashburn",Local Network,TCP,208.95.112.1,192.168.0.103,0.047174930572509766,2543.723934379833,42.39539890633055,2,0,120,0,60,60,60.0,0.0,0,0,0,0,60,60,60.0,0.0,0.0,60.0,0.047174930572509766,0.0,0.047174930572509766,0.047174930572509766,0.047174930572509766,0.047174930572509766,0.0,0.047174930572509766,0.047174930572509766,0,0,0,0,0,0,0,0,0,1,0,0,0,2,0,0,0,42.39539890633055,0.0,0.0,60.0,42.39539890633055,42.39539890633055,0,0,0,60.0,0,60,12,0,2,120,0,0,8190,0,2,0.047174930572509766,0,0.047174930572509766,0.047174930572509766,0,0,0,0,Benign
2025-05-06 10:46:19,56480,80,Local Network,"US, Ashburn",TCP,192.168.0.103,208.95.112.1,1e-06,54000000.0,1000000.0,1,0,54,0,54,54,54.0,0.0,0,0,0,0,54,54,54.0,0.0,0.0,54.0,0.0,0.0,0.0,0.0,0.0,0.0,0.0,0.0,0.0,0,0,0,0,0,0,0,0,0,0,0,0,0,1,0,0,0,1000000.0,0.0,0.0,54.0,1000000.0,1000000.0,0,0,0,54.0,0,54,0,0,1,54,0,0,65019,0,0,0.0,0,0.0,0.0,0,0,0,0,Benign
2025-05-06 10:46:19,80,56489,"US, Ashburn",Local Network,TCP,208.95.112.1,192.168.0.103,1e-06,60000000.0,1000000.0,1,0,60,0,60,60,60.0,0.0,0,0,0,0,60,60,60.0,0.0,0.0,60.0,0.0,0.0,0.0,0.0,0.0,0.0,0.0,0.0,0.0,0,0,0,0,0,0,0,0,0,0,1,0,0,1,0,0,0,1000000.0,0.0,0.0,60.0,1000000.0,1000000.0,0,0,0,60.0,0,60,2,0,1,60,0,0,8190,0,1,0.0,0,0.0,0.0,0,0,0,0,Attack
2025-05-06 10:46:19,56489,80,Local Network,Unknown,TCP,192.168.0.103,208.95.112.1,0.014553070068359375,18277.93027522936,137.42804718217562,2,0,266,0,212,54,133.0,111.72287142747452,0,0,0,0,54,212,133.0,111.72287142747452,12482.0,133.0,0.014553070068359375,0.0,0.014553070068359375,0.014553070068359375,0.014553070068359375,0.014553070068359375,0.0,0.014553070068359375,0.014553070068359375,0,0,0,0,0,1,0,0,0,0,0,0,1,2,0,0,0,137.42804718217562,0.0,0.0,133.0,137.42804718217562,137.42804718217562,0,0,0,133.0,0,54,158,0,2,266,0,0,65535,0,1,0.014553070068359375,0,0.014553070068359375,0.014553070068359375,0,0,0,0,Benign
2025-05-06 10:46:20,56318,443,Local Network,Unknown,TCP,192.168.0.103,20.207.73.82,1e-06,54000000.0,1000000.0,1,0,54,0,54,54,54.0,0.0,0,0,0,0,54,54,54.0,0.0,0.0,54.0,0.0,0.0,0.0,0.0,0.0,0.0,0.0,0.0,0.0,0,0,0,0,0,0,0,0,0,1,0,0,0,1,0,0,0,1000000.0,0.0,0.0,54.0,1000000.0,1000000.0,0,0,0,54.0,0,54,0,0,1,54,0,0,255,0,0,0.0,0,0.0,0.0,0,0,0,0,Benign
2025-05-06 10:46:20,80,56489,Unknown,Local Network,TCP,208.95.112.1,192.168.0.103,1e-06,570000000.0,1000000.0,1,0,570,0,570,570,570.0,0.0,0,0,0,0,570,570,570.0,0.0,0.0,570.0,0.0,0.0,0.0,0.0,0.0,0.0,0.0,0.0,0.0,0,0,0,0,0,1,0,0,0,0,0,0,1,1,0,0,0,1000000.0,0.0,0.0,570.0,1000000.0,1000000.0,0,0,0,570.0,0,570,516,0,1,570,0,0,8190,0,1,0.0,0,0.0,0.0,0,0,0,0,Benign
2025-05-06 10:46:20,56489,80,Local Network,"US, Ashburn",TCP,192.168.0.103,208.95.112.1,1e-06,54000000.0,1000000.0,1,0,54,0,54,54,54.0,0.0,0,0,0,0,54,54,54.0,0.0,0.0,54.0,0.0,0.0,0.0,0.0,0.0,0.0,0.0,0.0,0.0,0,0,0,0,0,0,0,0,0,1,0,0,0,1,0,0,0,1000000.0,0.0,0.0,54.0,1000000.0,1000000.0,0,0,0,54.0,0,54,0,0,1,54,0,0,65019,0,0,0.0,0,0.0,0.0,0,0,0,0,Benign
2025-05-06 10:46:20,56499,80,Local Network,"US, Ashburn",TCP,192.168.0.103,208.95.112.1,1e-06,66000000.0,1000000.0,1,0,66,0,66,66,66.0,0.0,0,0,0,0,66,66,66.0,0.0,0.0,66.0,0.0,0.0,0.0,0.0,0.0,0.0,0.0,0.0,0.0,0,0,0,0,0,0,0,0,0,0,1,0,0,0,0,0,0,1000000.0,0.0,0.0,66.0,1000000.0,1000000.0,0,0,0,66.0,0,66,0,0,1,66,0,0,65535,0,0,0.0,0,0.0,0.0,0,0,0,0,Benign
2025-05-06 10:46:20,80,56489,"US, Ashburn",Local Network,TCP,208.95.112.1,192.168.0.103,1e-06,60000000.0,1000000.0,1,0,60,0,60,60,60.0,0.0,0,0,0,0,60,60,60.0,0.0,0.0,60.0,0.0,0.0,0.0,0.0,0.0,0.0,0.0,0.0,0.0,0,0,0,0,0,0,0,0,0,1,0,0,0,1,0,0,0,1000000.0,0.0,0.0,60.0,1000000.0,1000000.0,0,0,0,60.0,0,60,6,0,1,60,0,0,8190,0,1,0.0,0,0.0,0.0,0,0,0,0,Benign
2025-05-06 10:46:20,56489,80,Local Network,"US, Ashburn",TCP,192.168.0.103,208.95.112.1,1e-06,54000000.0,1000000.0,1,0,54,0,54,54,54.0,0.0,0,0,0,0,54,54,54.0,0.0,0.0,54.0,0.0,0.0,0.0,0.0,0.0,0.0,0.0,0.0,0.0,0,0,0,0,0,0,0,0,0,0,0,0,0,1,0,0,0,1000000.0,0.0,0.0,54.0,1000000.0,1000000.0,0,0,0,54.0,0,54,0,0,1,54,0,0,65019,0,0,0.0,0,0.0,0.0,0,0,0,0,Benign
2025-05-06 10:46:20,80,56499,"US, Ashburn",Local Network,TCP,208.95.112.1,192.168.0.103,1e-06,60000000.0,1000000.0,1,0,60,0,60,60,60.0,0.0,0,0,0,0,60,60,60.0,0.0,0.0,60.0,0.0,0.0,0.0,0.0,0.0,0.0,0.0,0.0,0.0,0,0,0,0,0,0,0,0,0,0,1,0,0,1,0,0,0,1000000.0,0.0,0.0,60.0,1000000.0,1000000.0,0,0,0,60.0,0,60,2,0,1,60,0,0,8190,0,1,0.0,0,0.0,0.0,0,0,0,0,Attack
2025-05-06 10:46:20,56499,80,Local Network,"US, Ashburn",TCP,192.168.0.103,208.95.112.1,0.00031304359436035156,849721.907083016,6388.886519421173,2,0,266,0,212,54,133.0,111.72287142747452,0,0,0,0,54,212,133.0,111.72287142747452,12482.0,133.0,0.00031304359436035156,0.0,0.00031304359436035156,0.00031304359436035156,0.00031304359436035156,0.00031304359436035156,0.0,0.00031304359436035156,0.00031304359436035156,0,0,0,0,0,1,0,0,0,0,0,0,1,2,0,0,0,6388.886519421173,0.0,0.0,133.0,6388.886519421173,6388.886519421173,0,0,0,133.0,0,54,158,0,2,266,0,0,65535,0,1,0.00031304359436035156,0,0.00031304359436035156,0.00031304359436035156,0,0,0,0,Benign
2025-05-06 10:46:20,443,54530,"US, Kansas City",Local Network,TCP,35.190.80.1,192.168.0.103,1e-06,60000000.0,1000000.0,1,0,60,0,60,60,60.0,0.0,0,0,0,0,60,60,60.0,0.0,0.0,60.0,0.0,0.0,0.0,0.0,0.0,0.0,0.0,0.0,0.0,0,0,0,0,0,0,0,0,0,0,0,0,0,1,0,0,0,1000000.0,0.0,0.0,60.0,1000000.0,1000000.0,0,0,0,60.0,0,60,6,0,1,60,0,0,1042,0,1,0.0,0,0.0,0.0,0,0,0,0,Benign
2025-05-06 10:46:20,54530,443,Local Network,"US, Kansas City",TCP,192.168.0.103,35.190.80.1,1e-06,54000000.0,1000000.0,1,0,54,0,54,54,54.0,0.0,0,0,0,0,54,54,54.0,0.0,0.0,54.0,0.0,0.0,0.0,0.0,0.0,0.0,0.0,0.0,0.0,0,0,0,0,0,0,0,0,0,0,0,0,0,1,0,0,0,1000000.0,0.0,0.0,54.0,1000000.0,1000000.0,0,0,0,54.0,0,54,0,0,1,54,0,0,250,0,0,0.0,0,0.0,0.0,0,0,0,0,Benign
2025-05-06 10:46:21,80,56499,"US, Ashburn",Local Network,TCP,208.95.112.1,192.168.0.103,1e-06,546000000.0,1000000.0,1,0,546,0,546,546,546.0,0.0,0,0,0,0,546,546,546.0,0.0,0.0,546.0,0.0,0.0,0.0,0.0,0.0,0.0,0.0,0.0,0.0,0,0,0,0,0,1,0,0,0,0,0,0,1,1,0,0,0,1000000.0,0.0,0.0,546.0,1000000.0,1000000.0,0,0,0,546.0,0,546,492,0,1,546,0,0,8190,0,1,0.0,0,0.0,0.0,0,0,0,0,Benign
2025-05-06 10:46:21,56499,80,Local Network,"US, Ashburn",TCP,192.168.0.103,208.95.112.1,1e-06,54000000.0,1000000.0,1,0,54,0,54,54,54.0,0.0,0,0,0,0,54,54,54.0,0.0,0.0,54.0,0.0,0.0,0.0,0.0,0.0,0.0,0.0,0.0,0.0,0,0,0,0,0,0,0,0,0,1,0,0,0,1,0,0,0,1000000.0,0.0,0.0,54.0,1000000.0,1000000.0,0,0,0,54.0,0,54,0,0,1,54,0,0,65043,0,0,0.0,0,0.0,0.0,0,0,0,0,Benign
2025-05-06 10:46:21,56506,80,Local Network,"US, Ashburn",TCP,192.168.0.103,208.95.112.1,1e-06,66000000.0,1000000.0,1,0,66,0,66,66,66.0,0.0,0,0,0,0,66,66,66.0,0.0,0.0,66.0,0.0,0.0,0.0,0.0,0.0,0.0,0.0,0.0,0.0,0,0,0,0,0,0,0,0,0,0,1,0,0,0,0,0,0,1000000.0,0.0,0.0,66.0,1000000.0,1000000.0,0,0,0,66.0,0,66,0,0,1,66,0,0,65535,0,0,0.0,0,0.0,0.0,0,0,0,0,Benign
2025-05-06 10:46:21,80,56506,"US, Ashburn",Local Network,TCP,208.95.112.1,192.168.0.103,1e-06,60000000.0,1000000.0,1,0,60,0,60,60,60.0,0.0,0,0,0,0,60,60,60.0,0.0,0.0,60.0,0.0,0.0,0.0,0.0,0.0,0.0,0.0,0.0,0.0,0,0,0,0,0,0,0,0,0,0,1,0,0,1,0,0,0,1000000.0,0.0,0.0,60.0,1000000.0,1000000.0,0,0,0,60.0,0,60,2,0,1,60,0,0,8190,0,1,0.0,0,0.0,0.0,0,0,0,0,Attack
